source_rank,journal,issn,eissn,wos_category,citation_index,total_citations,impact_factor_2025,quartile,source_year,metric_year
1,LANCET,0140-6736,1474-547X,"MEDICINE, GENERAL & INTERNAL",SCIE,378842,109.0,Q1,2026,2025
2,NEW ENGLAND JOURNAL OF MEDICINE,0028-4793,1533-4406,"MEDICINE, GENERAL & INTERNAL",SCIE,414591,84.5,Q1,2026,2025
3,ANNALS OF ONCOLOGY,0923-7534,1569-8041,ONCOLOGY,SCIE,68920,80.4,Q1,2026,2025
4,JAMA-JOURNAL OF THE AMERICAN MEDICAL ASSOCIATION,0098-7484,1538-3598,"MEDICINE, GENERAL & INTERNAL",SCIE,205027,65.4,Q1,2026,2025
5,CANCER CELL,1535-6108,1878-3686,ONCOLOGY,SCIE,64398,56.1,Q1,2026,2025
6,BMJ-British Medical Journal,0959-535X,1756-1833,"MEDICINE, GENERAL & INTERNAL",SCIE,188624,55.1,Q1,2026,2025
7,LANCET NEUROLOGY,1474-4422,1474-4465,CLINICAL NEUROLOGY,SCIE,59391,54.6,Q1,2026,2025
8,NATURE MEDICINE,1078-8956,1546-170X,"MEDICINE, RESEARCH & EXPERIMENTAL",SCIE,154284,52.5,Q1,2026,2025
9,Journal of Hematology & Oncology,,1756-8722,ONCOLOGY,SCIE,32695,47.8,Q1,2026,2025
10,EUROPEAN HEART JOURNAL,0195-668X,1522-9645,CARDIAC & CARDIOVASCULAR SYSTEMS,SCIE,104376,45.3,Q1,2026,2025
11,JOURNAL OF CLINICAL ONCOLOGY,0732-183X,1527-7755,ONCOLOGY,SCIE,180692,44.7,Q1,2026,2025
12,Molecular Cancer,,1476-4598,ONCOLOGY,SCIE,53231,42.2,Q1,2026,2025
13,CIRCULATION,0009-7322,1524-4539,CARDIAC & CARDIOVASCULAR SYSTEMS,SCIE,186674,41.3,Q1,2026,2025
14,JOURNAL OF HEPATOLOGY,0168-8278,1600-0641,GASTROENTEROLOGY & HEPATOLOGY,SCIE,73177,40.1,Q1,2026,2025
15,Lancet Gastroenterology & Hepatology,,2468-1253,GASTROENTEROLOGY & HEPATOLOGY,SCIE,19481,39.1,Q1,2026,2025
16,LANCET ONCOLOGY,1470-2045,1474-5488,ONCOLOGY,SCIE,77887,33.7,Q1,2026,2025
17,Gastroenterology,0016-5085,1528-0012,GASTROENTEROLOGY & HEPATOLOGY,SCIE,93386,29.7,Q1,2026,2025
18,Cancer Discovery,2159-8274,2159-8290,ONCOLOGY,SCIE,40579,29.5,Q1,2026,2025
19,EUROPEAN UROLOGY,0302-2838,1873-7560,UROLOGY & NEPHROLOGY,SCIE,38364,29.1,Q1,2026,2025
20,Cancer Communications,,2523-3548,ONCOLOGY,SCIE,9938,28.4,Q1,2026,2025
21,Nature Cancer,,2662-1347,ONCOLOGY,SCIE,14846,28.0,Q1,2026,2025
22,JAMA Internal Medicine,2168-6106,2168-6114,"MEDICINE, GENERAL & INTERNAL",SCIE,28116,26.3,Q1,2026,2025
23,Lancet Digital Health,,2589-7500,MEDICAL INFORMATICS,SCIE,11618,25.5,Q1,2026,2025
24,Journal of the National Cancer Center,2667-0054,2667-0054,ONCOLOGY,ESCI,2638,25.2,Q1,2026,2025
25,Nature Aging,,2662-8465,NEUROSCIENCES,SCIE,10875,25.0,Q1,2026,2025
26,GUT,0017-5749,1468-3288,GASTROENTEROLOGY & HEPATOLOGY,SCIE,66773,24.6,Q1,2026,2025
27,JAMA Oncology,2374-2437,2374-2445,ONCOLOGY,SCIE,32733,23.9,Q1,2026,2025
28,JAMA Neurology,2168-6149,2168-6157,CLINICAL NEUROLOGY,SCIE,26720,23.6,Q1,2026,2025
29,Journal of Thoracic Oncology,1556-0864,1556-1380,ONCOLOGY,SCIE,29690,23.3,Q1,2026,2025
30,CANCER RESEARCH,0008-5472,1538-7445,ONCOLOGY,SCIE,119428,22.6,Q1,2026,2025
31,JACC-Journal of the American College of Cardiology,0735-1097,1558-3597,CARDIAC & CARDIOVASCULAR SYSTEMS,SCIE,124430,22.3,Q1,2026,2025
32,KIDNEY INTERNATIONAL,0085-2538,1523-1755,UROLOGY & NEPHROLOGY,SCIE,52229,21.8,Q1,2026,2025
33,Clinical and Molecular Hepatology,2287-2728,2287-285X,GASTROENTEROLOGY & HEPATOLOGY,SCIE,6351,21.7,Q1,2026,2025
34,Trends in Cancer,2405-8033,2405-8025,ONCOLOGY,SCIE,11685,21.6,Q1,2026,2025
35,NATURE NEUROSCIENCE,1097-6256,1546-1726,NEUROSCIENCES,SCIE,79106,20.3,Q1,2026,2025
36,SEMINARS IN CANCER BIOLOGY,1044-579X,1096-3650,ONCOLOGY,SCIE,21930,20.3,Q1,2026,2025
37,TRENDS IN COGNITIVE SCIENCES,1364-6613,1879-307X,NEUROSCIENCES,SCIE,40204,20.3,Q1,2026,2025
38,Radiology-Artificial Intelligence,2638-6100,2638-6100,"RADIOLOGY, NUCLEAR MEDICINE & MEDICAL IMAGING",SCIE,4771,20.1,Q1,2026,2025
39,Molecular Neurodegeneration,,1750-1326,NEUROSCIENCES,SCIE,14388,19.6,Q1,2026,2025
40,Translational Neurodegeneration,2047-9158,2047-9158,NEUROSCIENCES,SCIE,6340,19.1,Q1,2026,2025
41,JACC-Cardiovascular Imaging,1936-878X,1876-7591,CARDIAC & CARDIOVASCULAR SYSTEMS,SCIE,19131,19.0,Q1,2026,2025
42,Annual Review of Medicine,0066-4219,1545-326X,"MEDICINE, RESEARCH & EXPERIMENTAL",SCIE,8605,18.8,Q1,2026,2025
43,TRENDS IN MOLECULAR MEDICINE,1471-4914,1471-499X,"MEDICINE, RESEARCH & EXPERIMENTAL",SCIE,15407,18.1,Q1,2026,2025
44,CIRCULATION RESEARCH,0009-7330,1524-4571,CARDIAC & CARDIOVASCULAR SYSTEMS,SCIE,68904,18.0,Q1,2026,2025
45,npj Digital Medicine,2398-6352,2398-6352,MEDICAL INFORMATICS,SCIE,25262,18.0,Q1,2026,2025
46,HEPATOLOGY,0270-9139,1527-3350,GASTROENTEROLOGY & HEPATOLOGY,SCIE,74432,18.0,Q1,2026,2025
47,RADIOLOGY,0033-8419,1527-1315,"RADIOLOGY, NUCLEAR MEDICINE & MEDICAL IMAGING",SCIE,61752,17.6,Q1,2026,2025
48,Nature Human Behaviour,2397-3374,2397-3374,NEUROSCIENCES,SCIE,21937,17.5,Q1,2026,2025
49,Journal of the National Comprehensive Cancer Network,1540-1405,1540-1413,ONCOLOGY,SCIE,16909,17.5,Q1,2026,2025
50,Experimental Hematology & Oncology,,2162-3619,ONCOLOGY,SCIE,5424,17.5,Q1,2026,2025
51,EXPERIMENTAL AND MOLECULAR MEDICINE,1226-3613,2092-6413,"MEDICINE, RESEARCH & EXPERIMENTAL",SCIE,25742,17.5,Q1,2026,2025
52,ANNALS OF INTERNAL MEDICINE,0003-4819,1539-3704,"MEDICINE, GENERAL & INTERNAL",SCIE,69750,17.2,Q1,2026,2025
53,Neuron,0896-6273,1097-4199,NEUROSCIENCES,SCIE,108660,16.9,Q1,2026,2025
54,Clinical Gastroenterology and Hepatology,1542-3565,1542-7714,GASTROENTEROLOGY & HEPATOLOGY,SCIE,34511,16.2,Q1,2026,2025
55,TRENDS IN NEUROSCIENCES,0166-2236,1878-108X,NEUROSCIENCES,SCIE,24033,15.7,Q1,2026,2025
56,Cardiovascular Diabetology,,1475-2840,CARDIAC & CARDIOVASCULAR SYSTEMS,SCIE,28480,15.6,Q1,2026,2025
57,Science Translational Medicine,1946-6234,1946-6242,"MEDICINE, RESEARCH & EXPERIMENTAL",SCIE,58152,15.6,Q1,2026,2025
58,JACC: CardioOncology,2666-0873,2666-0873,CARDIAC & CARDIOVASCULAR SYSTEMS,SCIE,4039,15.5,Q1,2026,2025
59,JACC: CardioOncology,2666-0873,2666-0873,ONCOLOGY,SCIE,4039,15.5,Q1,2026,2025
60,Gut Microbes,1949-0976,1949-0984,GASTROENTEROLOGY & HEPATOLOGY,SCIE,29335,15.3,Q1,2026,2025
61,JAMA Cardiology,2380-6583,2380-6591,CARDIAC & CARDIOVASCULAR SYSTEMS,SCIE,16454,15.2,Q1,2026,2025
62,Theranostics,1838-7640,1838-7640,"MEDICINE, RESEARCH & EXPERIMENTAL",SCIE,56535,14.9,Q1,2026,2025
63,Biomarker Research,,2050-7771,"MEDICINE, RESEARCH & EXPERIMENTAL",SCIE,7601,14.6,Q1,2026,2025
64,Interdisciplinary Medicine,2832-6237,2832-6245,"MEDICINE, RESEARCH & EXPERIMENTAL",ESCI,1426,14.5,Q1,2026,2025
65,JOURNAL OF BIOMEDICAL SCIENCE,1021-7770,1423-0127,"MEDICINE, RESEARCH & EXPERIMENTAL",SCIE,12330,14.5,Q1,2026,2025
66,JOURNAL OF CLINICAL INVESTIGATION,0021-9738,1558-8238,"MEDICINE, RESEARCH & EXPERIMENTAL",SCIE,120571,14.3,Q1,2026,2025
67,JOURNAL OF EXPERIMENTAL & CLINICAL CANCER RESEARCH,,1756-9966,ONCOLOGY,SCIE,33576,14.3,Q1,2026,2025
68,MedComm,,2688-2663,"MEDICINE, RESEARCH & EXPERIMENTAL",ESCI,10178,14.1,Q1,2026,2025
69,MEDICAL IMAGE ANALYSIS,1361-8415,1361-8423,"RADIOLOGY, NUCLEAR MEDICINE & MEDICAL IMAGING",SCIE,32042,14.0,Q1,2026,2025
